"Dimension","Config1_Run_1","Config1_Run_2","Config1_Run_3","Config1_Run_4","Config1_Run_5","Config1_Run_6","Config1_Run_7","Config1_Run_8","Config1_Run_9","Config1_Run_10","Config1_Run_11","Config1_Run_12","Config1_Run_13","Config1_Run_14","Config1_Run_15","Config1_Run_16","Config1_Run_17","Config1_Run_18","Config1_Run_19","Config1_Run_20","Config1_Run_21","Config1_Run_22","Config1_Run_23","Config1_Run_24","Config1_Run_25","Config1_Run_26","Config1_Run_27","Config1_Run_28","Config1_Run_29","Config1_Run_30","Config2_Run_1","Config2_Run_2","Config2_Run_3","Config2_Run_4","Config2_Run_5","Config2_Run_6","Config2_Run_7","Config2_Run_8","Config2_Run_9","Config2_Run_10","Config2_Run_11","Config2_Run_12","Config2_Run_13","Config2_Run_14","Config2_Run_15","Config2_Run_16","Config2_Run_17","Config2_Run_18","Config2_Run_19","Config2_Run_20","Config2_Run_21","Config2_Run_22","Config2_Run_23","Config2_Run_24","Config2_Run_25","Config2_Run_26","Config2_Run_27","Config2_Run_28","Config2_Run_29","Config2_Run_30","Mean_Config1","Mean_Config2","Mean_General"
8,13.1440752468106,30.9169435948586,43.6894155607013,45.6457073254205,30.4045056085963,41.2737665895423,38.9629081662277,16.9128343915582,55.4681016987018,37.5330048437365,187.388992485889,24.0150380230228,29.1009901165896,63.7539809734784,62.4185779052974,29.368927666544,78.6460600007466,27.9588441301435,78.4668781580745,49.8706600599129,45.2786537231263,34.7089783553649,15.1323686134092,76.6200109959901,34.5842107065,49.2959857851431,82.2566641206124,130.800681411179,92.334319251651,41.2055662787409,1183.49531140138,3490.6837708825,811.601240215594,2131.12633674885,2752.9870156597,2336.53297444799,3067.73287562243,820.936022574996,2849.40613408461,3522.49513315164,1208.09738996396,3209.19377407736,1870.45957106039,2548.5398960633,1913.25993725209,1980.37171267564,876.137740934281,1835.68793062714,1880.95266223682,1700.92131406054,894.737005355346,2497.77386564217,1357.75351400724,1957.35783663696,2408.13641557596,393.511776450678,5223.23906291451,1887.32658937318,2533.11243407565,2232.11289197611,52.9052550595857,2112.52267119163,1082.71396312561
10,123.815712102114,163.091189017195,201.314337311406,224.434173835766,74.6632421045396,257.101499858718,103.471877038971,88.7075471014349,194.813838299313,257.328404403889,237.427165243034,177.733239420235,136.495011588657,154.46405636196,104.738987937487,155.477274383445,57.1150214477718,62.190430986899,364.13050462334,203.142725724393,125.320633710952,77.3663711532363,438.780950293396,245.149177521227,208.463246375999,183.220954835512,74.549164393982,296.663018126384,188.948805620069,163.377083255817,21261.9925406989,3330.90310773513,4341.18070145674,13506.0187465884,8395.41231362232,22236.5700689312,11752.0980241519,11487.1140750554,10049.688799236,11778.5223918817,10540.6589585649,7030.42414753208,3108.39315111811,24651.5050188387,3571.58743292886,6650.27362960175,21420.2450010323,7718.09930212779,7282.56771359453,10350.1345365888,11853.9882608522,16244.7471542153,13553.0782611457,12470.7412828478,22094.604583859,9742.43043496266,8520.9500580339,7239.35757521883,14759.7777167215,7975.54199974105,178.116521469238,11497.2868996294,5837.70171054934
15,3774.04975740896,613.86797318161,3055.06119098216,3249.58476059088,3321.61786922133,2088.49935365484,4892.061664828,2927.7722294125,2579.14354033393,3635.18244747088,5290.47441066648,3207.80749529473,2327.48914774976,1673.94724943531,1931.74499805883,5511.93921526865,3294.20501753495,4278.92123453252,4822.03358662303,2487.84839903498,3750.0343571645,3549.92953097222,2761.00186530286,2788.78223990872,2918.98589830771,4083.33547892487,1610.25517898666,6698.61609608613,1911.43921935586,3897.08854600392,127062.91023613,131800.791110748,116370.263374844,123838.093690335,127984.707613812,95839.596537593,107215.061792249,46138.0643969077,115582.370840655,89292.9878468333,108139.664797317,127256.922411183,62954.5610452717,136264.83501582,119035.031072642,123159.558790991,150787.556991141,118952.300160567,134156.999920666,117222.139524705,133953.888424484,75477.5144309304,108715.450508864,162835.441517733,83618.9324189293,127434.351946368,119974.544495608,122221.8363567,122406.050887208,117040.181299935,3297.75733174326,115091.086981906,59194.4221568245
16,4030.04402106874,1639.18023618704,6346.239188443,4346.10104128437,2190.77387547335,3567.21639607766,3800.78123160131,2960.52596685982,2168.9358067715,5687.04450865533,2281.13377471243,1699.76049101294,4962.88510743122,5666.42510446433,2863.46707143318,3919.9548043165,12429.6812335714,2490.22781165419,4717.38323457002,3128.03505450987,5168.25233178319,8037.55305047166,1105.4631773671,1381.99434039274,8954.49099791049,2252.32415314605,2005.97696394252,2679.45307523234,1972.62840293947,4408.05485808905,126986.865747286,77920.8694192074,145666.988569808,151825.595648868,163552.229426325,155934.098407596,164742.593321567,201699.978561144,111797.761101313,128971.594619555,164129.694431354,129636.789233498,172121.891922411,173721.010424019,175119.048824524,125805.148163326,143661.658267463,131341.605500325,55464.2019218918,145291.472004327,160860.899595156,155755.001612928,98590.0619035072,185900.452695605,158494.111639909,187696.242695332,125896.527290714,201564.809795592,149968.703003478,155904.848717443,3962.06624371243,147534.091815516,75748.0790296141
24,65344.9977837836,24377.2636424681,27946.7258266996,41450.2209349447,39757.5265098875,46714.6198326418,49315.3365266777,49115.4667444918,82393.7288799574,40234.226170501,52443.1723032159,22396.7541084961,49371.3755391556,53146.1294887154,21370.4820887641,64510.5886084421,56861.1733210434,40172.9177000831,46540.221670046,88649.2807465845,26707.5307412124,51005.0250826304,28488.2775314347,20381.5381015623,60237.1030842802,71459.6651921633,46264.8554528196,55247.3023490938,92271.6228471019,5999.64193809488,514327.857885405,422554.174076246,506354.30980902,494042.904675398,500604.217359242,447823.276066649,322287.987694451,461915.435699642,483368.105961145,373890.015549423,399746.847107318,458901.082622197,314070.969046359,458577.061989005,387391.862105124,486480.869819063,479604.881938142,440579.105801668,458303.132070069,439839.471590117,424660.625767846,433400.836770539,487345.946992622,450037.125394934,421272.393863384,511216.083448155,445201.910685409,482893.489182248,424164.706271255,339874.710972273,47339.1590248998,442357.713273812,244848.436149356
27,67539.3335301161,56596.6937627444,115492.826387841,40517.1822534536,154924.20877166,163227.43160455,124707.584018872,72843.3433385785,126083.401869182,68414.8961615493,81869.8756318271,87495.3001215593,112485.076301729,64501.2518721986,101851.225566728,93777.3015135661,35315.5998928609,84208.0157489311,98028.0556659728,81950.699747454,103651.908425582,54487.3218985709,66102.0060571215,123914.453950556,125183.540575179,82894.7728720874,93285.2835509404,95672.2961135176,50023.4269605706,148495.001867481,444108.062069639,501048.229785989,606226.120613728,577685.976156618,609224.265003702,580767.192115451,645325.418054001,607357.572438378,461930.063822121,475116.218974695,545844.211918558,522078.549758129,624695.291824291,612911.312131937,546128.130496765,595963.258307858,569048.496847699,498414.169602141,524294.873066347,590120.883485622,479778.592857708,421651.578568821,574119.160940678,576751.162068358,596468.656265891,488141.069671984,550635.222942279,600184.672994929,467408.251659709,521533.78372155,92517.9772010993,547165.348272186,319841.662736643
28,65006.7314007063,35803.2427233372,79111.4535799195,83588.6624050922,56038.5973595336,108139.792318835,96837.6669743966,71221.9789793393,102100.154882352,108982.62052757,111067.544781529,53584.707582748,83389.5798139428,100686.503030166,82529.4481130462,155947.166916194,83901.9389445586,124478.979449506,145326.997566814,99992.7109685243,176948.174072278,66551.045914434,41266.3057191635,95929.1644964725,172951.370170271,163942.302295407,62393.1828944787,87810.6611105635,98317.6293521885,82707.8179154771,575544.523999301,538428.32105435,673202.828571333,629218.267060368,542677.041317718,648789.672975789,611844.301675567,676334.861359231,377148.637199664,480234.262325803,518977.206863492,530348.880589526,642616.884417385,565628.570057319,450199.674655254,674560.955187122,536308.404828127,630911.300706591,626061.840595613,592254.396882653,591306.874895866,548894.671134155,618965.049407313,575750.024494668,651837.880816531,669273.962940099,596949.13321416,646763.158267662,624851.246532849,616644.971996574,96551.8044086282,588750.926867403,342651.365638015
33,181177.500656677,118979.467745604,195877.291628392,194827.44022161,231385.777142186,272000.666935408,314928.216334279,268394.294564089,183207.032749499,147638.754938586,205096.967515181,187091.183080654,217966.619818482,227964.510572912,180984.993336487,240419.250168643,150870.545741938,263492.03974664,127654.277576234,158774.181537862,160358.394721038,199078.892849029,278729.678323852,195505.541161404,203603.131436127,117226.750270995,130851.363755123,158775.666661482,202583.861017263,213904.143225881,782818.614504776,785088.687672386,715821.054863964,761716.105864608,757364.733156551,870603.819310148,859725.7900019,766235.997588332,621033.790785554,697658.749111313,904166.627124593,782817.878361834,800034.895204941,725532.931576483,873186.494938736,750803.460639434,941582.024463357,869508.730663776,822671.756972289,828115.342248735,837506.586281686,786311.171603886,789688.750007586,834891.212863889,918070.212656124,687175.939608067,961031.85952326,884016.409205459,746602.259390982,892102.762252711,197644.947847785,808462.821614912,503053.884731349
42,439336.291338736,680255.5349743,373206.628477649,398092.458229755,486052.878131528,437463.617814082,633027.834229863,365308.343887292,573920.977776539,492752.02467146,481512.685476735,602205.167477956,390510.203207009,241612.542938547,642024.919110853,466685.57256392,506512.19991649,491754.780446719,332520.527121915,523388.097906441,371882.365457219,492775.967747046,519752.192458116,248061.092559176,332379.9918966,392240.191063417,542032.129046113,631846.364075728,514147.300539827,333508.844636559,1196108.15092441,1343930.31320543,1170635.64136733,1219638.65262282,1016750.33758901,1282021.81979421,1260139.62979834,1275882.13551799,1350288.88853329,1374520.66001669,1303241.2430473,1293414.1468724,1262054.52802407,1121756.52838445,1265931.65539062,1328586.28021315,1309480.84058236,1085042.64237295,1201164.42743784,1408873.60981794,1351237.90965283,1294409.91483716,1163988.32168354,1218342.5002891,1071682.72987456,1114743.29803866,1193718.44482945,1330400.51013667,1280280.81441958,1304778.81166722,464558.990839253,1246434.84623138,855496.918535316
44,499693.796384668,431316.201181082,463229.905294633,470893.840008139,465828.934334814,529208.417136734,456086.308058446,739321.055520858,514073.030232845,605647.255614457,666890.189592137,418538.107882794,602950.525028159,461137.668143591,596171.066202535,629374.548438118,524597.458598399,518876.842018262,416528.339446574,623086.933224557,633768.001528395,578987.263989651,509478.201872154,143835.576336818,576356.937373622,614342.46356169,528093.684227011,485919.769833161,416648.772342991,541158.607619557,1475080.98704154,1295546.85400996,1433911.85747807,1376743.37813851,1426952.76046511,1309867.70180318,1381054.92064918,1363461.22161652,1438428.84599442,1294332.14109788,1367932.27121686,1351478.77381742,1394745.96273164,1428509.60961621,1464188.2670686,1143464.85780166,1142324.96582399,1302864.12763155,1235374.10392333,1391860.62369311,1049914.95075534,1458064.37101571,1349513.08387874,1482399.30258475,1257622.94359985,1461282.25408753,1222179.32438788,1539143.59547815,1410440.75726562,1281316.11066442,522067.990034228,1351000.03084456,936534.010439393
51,911144.14230959,808314.320772798,611718.233796845,683035.586208968,951532.747915445,580191.101045099,1073844.8493211,963886.225105402,802463.887120924,721201.051955727,1031283.28708135,626639.386219374,743252.60599914,737284.489495529,655721.18940029,707863.171409689,851041.366338251,934853.92116224,822902.980014328,638628.619194323,737697.011446006,673305.040011495,846418.279598811,1101802.97323464,616096.068750632,798224.938360954,1068975.43728029,919714.609338884,931949.193538337,749740.314779223,1759138.76086259,1848758.04156306,1832654.10891255,1744129.77953385,1799681.07763537,2051384.95815544,1598976.16928988,1992320.400669,1616802.21527775,1731713.21534207,1788776.92787417,2181368.53843191,1965425.89991341,1653399.63927245,1785949.94053,1616509.33604535,1644649.93343396,1788596.52752656,1933691.66498778,1747885.49808921,1850189.01782079,1820064.33955539,1946329.26557761,2021388.80161817,1943056.51632335,1862847.44924906,2005774.86543127,1616077.7076119,1760476.01496831,1408959.69579014,810024.234273523,1810565.87690975,1310295.05559163
54,793237.074117344,913239.947121052,1247676.348139,753032.109537268,505622.373159371,986110.526947361,1077694.60577255,901915.704308724,1090168.90811064,1000405.23042553,1027702.311607,1087423.71523957,1050389.93979904,959511.867228473,1012552.73412079,974379.542612575,1201050.68397829,1070633.89878143,838163.044898598,931122.186844876,614126.390344477,966104.838465384,850206.696802695,1213751.18879456,1034320.81784046,629527.883181917,1024838.67523741,1217953.05430281,1330804.98232543,934496.881838478,2028297.90974635,2330802.53309573,2255460.62843214,1814196.08518557,1876967.59642873,2176258.63230563,2242552.63139013,1817158.35131479,1884336.42386624,1942920.15651668,2058554.53004353,2447804.06656875,1885462.7671213,1886336.0444866,2071607.29804864,2182727.49105393,2175209.98235789,2072294.59825028,1708472.97860142,1890897.36534916,1773714.4505531,2167328.82948982,1984732.85490103,2316217.57427198,2340101.736952,1940413.70622577,1908573.11379159,1979344.64153476,1879053.02256678,1990210.99065167,974605.472062771,2034266.96637007,1504436.21921642
61,1215740.67182005,1562746.6292765,1594185.23356096,1300642.93375662,1091822.41622018,1386240.57683517,1332090.20019011,1838133.93704634,1742202.26396352,1037360.19007443,995830.644582418,1279133.33614571,1417469.27018892,875850.31617117,821708.896888299,1772308.3289802,1235000.13978173,1580776.29250394,930241.668610565,1267748.61363452,1353793.90149833,1328836.05332045,1189006.1285033,1713407.1017266,1233287.77847936,1284751.23775427,1323975.70835792,1143354.43298501,1455595.55293951,1242470.14938235,2604445.27253728,3759682.58086679,3332171.66387802,3386785.16512603,2584270.62481434,3891228.1686165,3356876.98118704,2444192.94619269,3488329.12725318,2704151.43278604,2067960.28136566,3155273.77317007,3533960.55166984,3472296.68379619,2693507.3825344,4068060.59015809,3931707.38910087,2466935.45284512,2591660.79317805,2844861.22730043,3083625.8484479,2261897.9022478,3834393.32018925,2472334.96474204,2944513.20349753,3708585.41858181,2471994.31416653,2515658.90144099,3221422.41450292,3183559.53824154,1318190.35350595,3069211.4638145,2193700.90866022
73,2457777.27646274,2321904.70260462,2026104.92660169,1763047.34627394,1702377.51520166,2354682.41321292,2464035.18564766,1357391.32791197,2536407.97360498,2218576.31992687,2714446.2200908,2442291.73100777,1490319.04518491,2534716.84360506,2720617.61041462,2003747.5744116,2525543.94766524,1897675.28396559,1563809.00147322,1908040.30962371,2341979.64202084,1901143.67109016,2284035.2368783,1402056.83155245,2519277.19247447,2290942.6118533,1993805.89346797,1943628.62024539,2191647.80116158,1649421.79734404,3987697.66629075,4813537.00383265,4432225.71834983,3619869.70813142,4804870.74833759,4206385.49857336,5131038.23815708,4596635.63817921,3554111.43648484,4500277.75860071,4541537.47541254,5216213.42329187,4550969.91023805,3495247.99626496,5280120.08386824,4019449.21354778,3148282.64756505,4761021.27032632,4974954.21659989,4526242.53729178,4391673.90305824,4903057.92945973,2821522.39744739,4883911.9533009,4444738.43218559,5135249.57259079,4821001.49337435,3617928.05632059,4891333.29530113,4403377.76222752,2117381.72843267,4415816.099487,3266598.91395984
75,2720129.84960664,2777252.79273858,2051422.55635746,2445930.44229558,1852511.57227233,2554250.65218903,2394176.44023317,2168471.9526413,2255811.56419078,1614872.64079531,2256033.25514104,2321078.74528521,2490345.65258368,2655166.55269021,2163567.70192994,2563930.66663887,2637997.43076568,1727920.19110634,2715372.65972181,1967961.51739599,2555442.31852019,2451442.05212174,2053761.34207725,2663244.58728411,2519486.24293427,2810528.81978648,1820971.42236682,1361926.03819538,2961339.55603425,2325965.1405271,5172002.53904271,5400356.95615029,3930044.29363672,4986208.12894317,4141207.04114392,5079929.14674936,4616929.40270837,4442088.81877645,5302561.486264,5005209.50768885,4398489.78840523,4155319.13447709,4072093.37191975,5679848.04701728,4441709.06862554,4438376.17664252,4348783.48308522,5125096.28866328,4227394.05614093,4390314.74465044,3890466.25459304,4688352.96863852,4654313.29236951,5632193.92919978,4408031.89364462,5457488.64945822,4119899.11063743,5268776.94418912,5053369.12117057,5286867.70045587,2328610.41188089,4727124.04483626,3527867.22835857
77,2839678.75948055,2973010.52218676,2459088.16547283,2565635.58672257,3066895.06394571,1951077.96263474,2413895.92154753,2166182.86646369,3175727.94592673,2175304.36629285,2105052.80514682,2518415.67671845,2159613.51460517,1990440.19831944,2009824.07866558,2590287.12638669,2588307.59117896,2977594.26000316,2027928.13024895,2658664.74452344,2737425.50048964,2929231.30043116,2837661.43709405,2659683.87690937,1981612.80762954,3123846.98142287,2416407.64057445,2453036.89781225,2673529.59302765,2724065.41054591,5466858.50649442,5329072.96122449,4668141.56175992,3353859.02309487,4527008.588801,4078206.02701832,5022249.96033556,4893989.65643257,5177517.47827685,5141131.45461656,4970900.42083801,5329077.15180886,5180895.81403807,5921317.06922204,3878670.61039447,5058550.01026516,4446975.43531482,4777714.64740336,4720705.31125939,5170674.27346195,5023754.30149121,4821777.8955285,4083031.1423076,4590797.93867519,5114651.1572976,4622515.54494832,5225759.78174858,4787999.97635606,4470181.36332129,5104874.47095512,2531637.55774692,4831961.98448967,3681799.77111829
79,2824569.99942055,2818054.73784553,2857739.11588148,2718422.73408625,3168809.44989701,2653044.92837522,2566908.24891224,2621864.64354609,3314179.42406477,2470405.38152904,2973984.91628537,2711802.25068664,2692978.73144009,2838842.60992429,2510828.88445794,2360221.62152195,2269223.49559217,2958941.05279515,3110463.34085248,2550252.9440529,3245826.79166677,2997329.27335583,3268947.52087718,2198940.23322068,2477690.62870728,3224963.84731899,1914035.26902202,3119769.48205797,2542450.87270633,2603198.96816148,5573333.48744587,5095362.01397715,5000415.25515413,5117064.38751931,4306805.14743586,5039915.51532996,4675857.53639275,5490172.56888891,5744515.42247315,4056511.44994452,4214269.12639498,5004804.08041382,4279408.82793606,4636018.04039334,4620043.67805452,5014438.05968176,4816108.28897036,3881399.7336857,5944391.07887584,5693266.0386119,5332385.37200586,5452191.82025084,5689999.68009739,5839133.21584364,4759803.15033021,5038282.70812888,4892269.22441266,4454534.62498665,5122367.5320624,5283430.40700725,2752823.04660872,5002283.24909019,3877553.14784946
82,2867198.60418411,2352722.8909729,2623890.69320179,3206420.29237623,3478699.37756694,2559836.74942829,2900384.68528654,2638406.94027603,2846995.8309519,2204863.29264481,2999150.51242123,2368148.68580888,2910569.10034001,2714605.2106346,2811614.02970976,2974985.35201152,2293179.15386216,3011458.25738611,2672273.93932259,2801906.51031116,3101967.10685022,2534933.9545032,2896360.48043906,3112926.99887474,2850420.77456317,2756325.0958861,3055864.38379827,2409060.7583394,2792141.44935384,3438302.12207519,4633214.70487865,4593135.97403837,5901158.10832309,4902234.03373074,4707195.62831119,5067292.47296764,5518807.13019171,4830995.49522596,6461207.13305194,4199170.38664238,4804979.24873472,4369098.32289253,5626502.52645069,5804842.80922942,5423641.0229388,4518397.12962067,4813783.33949516,4855846.79061694,5380097.17100586,5044316.0252483,4964428.90875753,5034746.42776684,4869516.56484066,4247639.31269449,4891151.17423472,5454279.46197055,5242292.04509738,5913803.45868205,5162580.60593975,5355128.06213445,2806187.10777936,5086382.71585711,3946284.91181823
91,3880156.41117175,2894318.62185914,3896072.64391732,4117135.53398624,4171138.01769164,3378664.67745138,3170322.47213395,4006108.32340575,3919897.4200415,3648824.1721487,3505873.87134649,3648484.29489526,3291757.30806,3970391.929809,3661824.15432813,3958874.61847116,3686251.32927176,3971651.43701302,3124642.37628698,3552804.03471596,3799004.44040606,3715899.68573876,3068505.47598265,4084233.70582342,3459025.95549833,3837322.27671411,3352209.71320734,4154717.07748288,3322723.3970811,3699065.30588453,5283673.06948987,6085262.18634939,5927769.32619206,5604093.63697871,5973827.50774365,5993360.79745398,6544966.44698409,5938936.64501051,6622760.19313324,5416513.63969303,6111107.85321708,5783120.43062725,5882577.28699077,6415164.17476548,6219598.55727644,6353662.37210329,5721440.462804,5776688.8125023,6561673.5998548,6444535.3163913,6363776.78050358,4954277.48301157,5757218.58384361,6263159.39870224,6894203.74880525,5637079.49621037,6170410.05777205,6555905.79881563,6272291.81100135,5446636.83306764,3664930.02272748,6032523.07690982,4848726.54981865
92,3946761.31268475,4253737.38367439,3544364.58938382,3635411.06936339,3200342.93968448,3318441.80861831,3339796.60124543,3927453.95315513,4233209.76716572,3592560.31535595,3909171.77775127,2707047.50040354,3826911.28086974,3886679.39385394,2727128.90990604,3978139.67360809,3223837.06105883,3612130.06741017,3715591.2191013,4065703.92429284,3200923.00863323,2365089.36847286,3609555.05036833,3482313.99158273,3214880.69175992,3769221.15975241,3558100.10099352,3930211.07910736,2758280.66424,3758233.42933009,5731739.23341113,6827163.38067359,6677734.17160294,6615859.35431789,5649213.2389505,6230250.74042949,6427567.34159945,5491198.51806742,6275924.54376086,6179433.09154481,5935605.71735123,5262070.42889975,5764558.5755578,6323587.88447786,5649549.71934374,6127089.95147106,5883569.05147654,6577455.36407591,6621974.51397138,6465202.74655865,6649414.50933097,6345522.08275511,5974109.67939311,5833917.23297977,5758137.45544166,6550033.6539314,5957755.21122772,6588531.94350992,5849978.52154338,6804193.10882111,3543040.96976092,6167611.36554921,4855326.16765506
93,3700133.98950309,4331224.95666834,3728976.68103334,4016897.61960877,3464744.48634351,4570237.49198865,3664775.98951605,3856475.08921576,4155535.73407968,3022525.81074339,2551500.08213278,3349143.17540227,3556035.7798806,3098250.60216111,3536100.69026658,3876361.23059792,3901100.15171128,4292804.17407474,4455690.23365267,3510466.23676837,3760231.59724671,4036157.66765015,3929831.01547984,4417440.23730447,4219793.66532012,3548974.94710258,4229607.9212023,4474494.70014769,3799998.96998745,3513645.37183653,5645997.29968303,7171613.5963002,6920896.06632924,5630877.31534743,6196809.19830636,6439879.32120716,6827708.53501088,6058507.52935887,6628643.84672962,5014976.50982009,5492910.44175804,6207855.10960396,6217500.24208772,7229028.45958512,6226735.75536445,7102856.63284538,5571172.72197029,5347797.89084056,6289505.00765363,6121886.67517067,7533446.63805553,7289672.56498395,5842750.12806339,6602319.52961977,6227541.78653131,6146693.59878006,6229770.03112309,6585081.67397306,7420897.5768679,6855876.58665056,3818971.87662089,6369240.27565404,5094106.07613747
100,5209852.52416304,3713317.47158338,4068645.25729153,5154406.96651794,4339183.54699845,3762724.98660176,4543906.9365859,4747045.36438178,4694076.69679614,4261370.84186535,4395474.04372421,4315413.64594118,2901721.37415203,4952268.46075921,4334455.95746075,4113152.01113534,5170603.05495567,4592934.78361596,4046389.99368862,4429900.96447065,3596715.34596809,5325687.05970511,4640604.8330535,4376109.04993611,4507401.71632904,3897973.2340365,4651094.82991272,4275066.60243538,4164716.6355621,4598269.80287488,7565419.6160932,6604567.34425853,6008860.71015704,5844324.69097183,6256886.94832199,7328265.51627941,7002081.3936633,6640212.93333879,6602295.55656069,7268285.03163526,7055437.52826581,6840509.1137892,7368049.82243913,7131933.72809347,6352758.57118043,4916340.03447443,6362459.56937433,6782248.33149929,6975231.82047846,7349509.67636653,6775826.16545615,5426068.51667661,7299121.35669414,7747298.21434573,6927698.11393246,6464028.65388082,7106410.05124269,7610087.50221727,6740673.68581105,6849795.36878781,4392682.79975008,6773422.85220953,5583052.8259798
104,4850460.37919144,5634142.16912545,5211691.32134699,3267323.19330394,3144713.02945956,5156324.11487744,5614757.532257,4988652.63344099,4114979.73057417,4321021.38318342,4426926.92470978,4796493.97004642,5128368.10752838,5236465.01004629,5260019.96527601,4956940.61763208,4913426.54780835,5637838.21594112,4556281.71718494,5526986.69710304,4186936.93132893,5088729.24409333,4572515.97573419,5179675.16429838,5369326.57235985,3773955.64377642,5479274.71851813,5397123.88088336,5443636.38428987,5249365.74009543,7487125.61425995,7390179.55408373,8031199.74960005,7515857.6075623,7646220.39845458,7221322.4419649,7042499.13394308,7251948.53483244,7202642.68859556,8249270.24890097,7593240.76117308,6801577.99159645,5073980.82189654,7441387.9824044,6654367.74874667,8504240.13423656,8076116.11325901,8025877.72322067,7637227.20366842,6223850.78327708,7323987.74402986,6302953.8989199,7428092.41409865,7854227.31486978,7034967.1119445,7075425.10653468,7302941.00709086,7371398.11729386,7662272.09563512,7711457.62492068,4882811.78384716,7337928.52236714,6110370.15310715
107,4851611.67412161,5224505.80872821,5260026.68440809,5839593.29790043,5047977.33454111,5745980.89227956,5335275.14679598,4670230.09694965,5418280.90593597,4794141.68879185,4656048.53681307,4994241.56959174,4623894.74334419,5232864.29984714,4903846.59018021,5621566.68196655,4463736.91855133,6108616.30046291,4230644.55399386,5779693.02290738,5110256.61257172,5707386.57046893,4932561.72241953,5166683.79675849,5572736.78197286,5189342.17692188,5670216.46994883,5648992.63192907,5141370.91311579,4877133.10977399,7234158.81212767,8287430.69793697,7311028.91245657,7751191.12179512,7916844.8494946,6763733.20297223,8344222.23462935,6303046.27043734,5882648.03852006,8325139.28810711,7886822.03221972,7978753.86205597,7842463.20545311,6548779.38202832,7587291.59737208,8198853.3087808,6612123.40576591,8692752.98320024,7731172.97318762,8152302.20226989,8271955.11627841,7879391.36629585,7297815.0532408,6858247.37383865,8558367.9432728,7651024.86602332,7624508.41825895,7207298.55271866,5803006.1893073,7407397.4623381,5193981.91779973,7530325.69074612,6362153.80427292
110,4874475.08129341,4660662.61783805,5309515.87711803,5246408.84393882,4732852.46916492,5331906.44370822,3709411.15235868,6093626.12356959,5652711.35688118,5853742.11295507,4191358.78328877,6094386.10304002,5380414.43728934,5425765.84673484,5697148.55698704,4374258.48720348,5155935.62578751,5672085.78492363,5835523.76881504,5362286.82587438,6087641.03257154,5234419.7876893,6119332.36794103,4203923.77717609,5612531.82457343,5654247.96873896,4827631.55879391,4751770.66189154,6200227.64957573,6024957.68990282,6499191.86102045,8143928.65796377,8151827.41031126,7958319.8550076,7986686.92463277,7329036.3741592,7697691.16434893,7936054.98478115,8854321.70333365,8973078.79952638,8201757.18362367,7222634.05482169,7398103.09053489,7610203.82155117,8193022.54154238,7467939.60351652,7099648.06538652,6386339.38846329,6620381.44945694,7612996.74287768,7687969.97643001,6581127.29469395,7457735.58317181,7345960.00492579,8890324.441684,8263680.55477633,7648392.17882598,7501729.84773534,7850579.78949728,7596375.01992529,5312372.02058748,7672234.61228419,6492303.31643584
118,4871814.72165996,5680787.2579146,6137170.4978004,5873996.41259436,5890841.45329956,6672017.24776818,6392261.78252884,5046582.41644501,6602181.73982561,6000961.78348384,7171466.40278082,5496373.27691907,6632212.26102727,5622804.62717579,5669501.75671795,6258991.39280552,7283067.68856033,6158620.50857125,5950718.05984972,3814422.45924286,5151338.45979448,6505004.53945897,6050304.0495533,4907351.8476298,6154248.64338921,4877369.85347131,5499738.50388107,5819012.10727537,6418122.45081087,6379412.33730566,8288636.85518535,8002133.62277743,7151453.8932971,8792114.77705121,8940418.56073403,8653723.6914189,9052655.02531671,9321780.58592044,7076193.68559303,8926524.42234837,8949217.81831281,8345187.36337332,7885820.49912795,9240937.4232866,9514780.30166861,7474842.33656022,8169734.16354311,6388232.44854052,8177374.96131262,9131384.77689266,7810300.71857,9684441.06066178,8145047.9390698,7617714.36251249,8014877.86007602,9341243.74851259,8182137.38644956,9070457.93717626,8650556.18556673,8422289.57048303,5899623.2179847,8414073.79937798,7156848.50868134
119,6228695.33099042,6522985.57395883,5307192.97799998,5788275.73001316,7029217.08063477,7009491.38742254,6650877.10039986,6414391.15915005,5442848.04356517,6233675.88611541,6298727.7217952,6111278.52932838,6566263.38405892,6152553.9862171,6666038.5581181,6640359.42412637,7267519.31463973,6649410.33302765,6128903.97349086,5891089.66695656,6029946.44651961,7076080.78567107,6984787.47958555,7218408.76362805,5808080.57866309,6444564.50418791,6367080.57804586,5300397.58386056,6547311.91846811,6114253.97913956,8543012.15162048,8276295.31732851,8884013.60558448,9747536.59735818,7842372.98468506,8304785.28541016,9574596.72925929,7962138.54906548,8693835.91714085,9517839.02864141,9312564.90461906,8812373.81372109,8798933.22519759,6503305.31583968,7864030.46456435,9248097.6282595,8698737.39441121,8738791.61264376,9097772.06541638,8949359.20610763,8804469.93614116,9085392.62569374,7155043.56435798,8143775.99771678,9570392.32206961,8970592.05502136,8605364.07387657,8932732.55160494,9634098.51885967,8249903.05683004,6363023.59265928,8684071.88330153,7523547.73798041
125,7327187.07356198,7307245.99456256,6282322.65128851,6840590.97745298,6271102.71180659,6327851.59207067,6662712.22848958,5183654.80536268,6980546.71214938,6676855.71376775,6647608.05565877,6656652.65143468,6510944.57663915,7045347.46257665,6180715.93278814,6096748.16591377,7264372.94888776,6965514.29466633,8027191.21377113,7276874.79543464,5622985.47023808,6393611.4645723,6101546.42900035,7153127.90718128,6844261.60935806,6758041.71227988,6422297.42187944,7042639.83771519,7387296.89482297,6964988.4387881,10058283.4824844,9832848.67814194,8553394.00270457,9325547.77439736,10177412.1883587,7987867.70380348,8241848.11346547,9537320.0932326,7652672.46836437,9471183.9165474,9026904.4830197,9568900.08873724,8693201.63394571,9320889.28918351,9520204.34996092,9450536.69269452,9219892.03954537,8198044.6928962,9596532.29363006,8568769.88068526,9619019.51477221,8710750.81710482,10368543.7044005,8201407.34017406,8395567.0836282,9198363.77183837,9765463.98186909,9742691.19416465,9299627.43871377,8860466.58684423,6707427.92480398,9138805.17664362,7923116.5507238
136,7188631.35904536,7387154.66587396,8240622.61082812,7785517.16706635,6721540.71742054,7608379.3277162,7328988.86206607,7460799.24815184,8474353.18058161,8236135.11713803,5924695.96703118,6175969.11498778,8125365.35006765,7566403.36611462,8086836.32154748,8272415.3113286,6443793.98170005,7903285.4028361,9022016.23872032,7471637.87249956,7782807.36798314,6737051.25705626,6744841.64452067,9313560.62331494,7788469.15533273,8487349.05462158,7368564.37787419,8009225.58405396,7638158.22924231,7377143.31971675,10040783.7155724,10326191.6031984,10187530.7688243,9498055.24017739,10685136.4089026,9465873.40107846,9702775.39194721,10701937.3895798,10985596.5480319,10250613.9164591,8722665.78179905,9315209.11774258,10551267.0731619,10423142.7566146,10097908.8093982,10386657.1119586,8282660.54702803,10164405.3354249,10577598.9835121,10495997.0236139,9332876.30812668,9371723.17998688,9568727.26350141,10601954.2773355,9259348.00607676,10925859.9194211,10165158.7105146,10458534.7800951,9427823.60886078,10847838.4871407,7622390.3932146,10027395.0488362,8824892.72102538
138,9068984.34751754,8098292.72162033,7651806.93546024,8098021.91844884,8724975.25732769,7569441.48616866,8046189.11542307,8014621.28234347,7480586.56954458,8365017.22044485,8229291.68712627,7328935.97599658,6790924.66163422,8998332.00325136,7759694.53718725,8115896.55528431,7926335.47016182,7672863.71533366,8329268.39319149,7348763.52230286,7877994.25085457,8597958.27677661,7661542.64686034,6554252.58446053,8260963.63743181,9056778.22119375,6668526.66191798,6980533.76216987,9015507.66253473,8373424.39584578,10223617.5157821,10640440.4121431,11292949.5620719,11566856.6557379,10063982.8917678,9945693.07284988,10640545.8877863,9706098.81023052,10655716.6942073,10577778.6131857,9782726.10636068,10407801.5517699,10752098.3756945,11626751.5187612,10861338.5494001,10882847.5198933,10575515.344872,9935407.16980855,10249312.766614,11219587.9456586,11104741.8580161,9470466.00907753,10568676.2016187,10689688.3945936,10368325.3315688,11265671.4855582,11297437.6131469,11180106.4310874,9852526.64490215,10149436.8547694,7955524.18252717,10585138.1262978,9270331.15441249
143,8573929.57926106,8220313.09062425,7991406.34059296,9081154.31827608,8487243.98553978,8324288.39936211,8948190.68249491,7189873.13378541,8557163.23086069,8410507.7790303,6578065.90688775,8085404.60427956,8188539.98416274,7621463.69376764,8612462.39464588,8880012.75792904,8698372.50279662,9150353.24970688,7279060.26878069,8212790.81402269,8885344.25002483,8439465.96889862,9339941.7453061,9134514.34127988,7544232.45676585,9667571.32731961,9410024.7297758,8485665.26055095,7901007.16238101,9964096.35477543,11748353.8939239,10885052.5518134,11016401.7011806,9905805.06677963,10733131.5889926,11149172.6834861,11472010.2414096,11138497.2554003,10958476.588712,9475793.17684996,11280679.5285507,10418459.5404722,10776599.8844318,10923372.9146286,11366878.4768767,11786603.1046238,10967762.8055311,11490590.1886254,11167706.9031125,10274863.917433,11116825.5490927,10979594.9111925,10940049.518069,11436952.5711885,11407359.7487408,10169335.0454307,9868148.3368425,10351582.3423946,10070164.997717,11431984.5063743,8462082.01046284,10890273.6513292,9676177.83089603
147,10010701.0701656,7874711.09542725,9485077.36998744,9933753.56567867,8294343.01709575,9417402.49812041,7398710.59480914,8827341.37115998,8462704.98401158,9078441.04157411,8027929.91958836,7286108.24542013,9614461.11331157,8006174.77947116,9435877.86244676,8304646.37126636,7935921.62808166,8274454.22008679,8962532.35260685,8580124.9163367,8665057.11188027,9363893.65742446,9161119.02031302,8379562.70495962,9076945.39521963,8222531.11368696,10159728.374502,10077691.2707971,8233901.83755965,8735713.73348389,10720538.3432181,11414490.0402913,11263511.0257981,11019652.9920573,9829196.19809513,11358250.7551654,11065733.2366615,12192850.1138447,12281503.4856866,10787146.5919813,10823147.977857,12308084.2887841,12316946.1052891,11317365.5001877,11846402.5030149,11625588.3573585,12446117.6628804,10851012.3299237,11954856.185984,11435567.4260955,11521011.9318157,11231986.0624524,10732189.6985307,11266024.4371752,10951773.6352287,10795183.279121,10604871.9476549,11484598.8088939,12004696.4174217,11160590.4288996,8776252.0745491,11353696.2589123,10064974.1667307
148,9403697.91989638,9006477.88315961,8491494.49847272,8779556.38633189,8027550.53197026,9094961.77496213,9855900.55806203,9497936.76162346,8337024.60138239,9213194.63283304,9629955.16895916,9607511.88506942,8601295.15109521,9468259.98594809,9680724.67286,9852954.11950979,8353057.32285032,9393017.26567218,9086599.69871261,8994130.54276159,8679108.90138252,8931440.20670427,9210275.34155985,9450438.06648804,8163235.48508918,9299259.65167518,9315171.54368393,9314159.94165239,9556117.10044274,8858251.56811734,11030602.906969,10765580.7262386,11401220.1732694,11034563.3292145,11027751.1367304,11424494.477027,10823655.2889934,11421368.6506849,11344594.6038844,10873763.1084104,11073261.5120542,11439980.5755715,12117632.760406,11427804.5588256,12163365.5290339,11208029.7310048,11021892.6383736,12209322.9461322,11118447.9858962,11256922.6204638,12314252.1450871,11474597.8832407,12083621.2798403,11474959.592234,11260868.973612,10521722.3743498,12638067.5008321,11604959.1603411,11622347.0904211,12724996.0372243,9105091.97229759,11463488.2432122,10284290.1077549
150,10782517.2729492,8755025.53418903,10126774.7110947,7969143.7435827,8658167.17951995,10185083.62881,8394738.70630944,9802062.88172465,10438680.1052687,9815821.34604532,8351073.27601859,9306436.35898961,8847103.28216895,9540447.1334092,10123931.1917531,9422243.68842785,8759381.77057809,9075339.54264899,7732556.13943029,10014440.6531501,9498766.57806698,9032266.20402488,9888218.14702354,10144270.2082629,9619111.2903737,8784346.96602162,9252994.32131025,9289595.73177698,9654118.4156445,8837183.46059763,12450471.2687592,11125315.0103035,11954838.1844074,12859676.7654899,11251976.505685,11416231.7404168,10903485.0537419,11829531.9917716,12074002.0953913,11637555.3432387,12004252.9277577,11514824.699474,10787814.1906763,11648529.3803326,11326293.2132478,11325053.6007975,12023716.1104325,11274292.7733458,11945829.8883504,10940764.5527805,11851394.9324775,10587653.8510677,9826015.71606039,12495720.8089841,9264798.75162108,11610167.6627581,11440558.1622773,11701511.3675849,12035915.8685448,10067696.2396028,9336727.98230572,11439196.2885793,10387962.1354425
